{
  "ck25:1-en": {
    "set_P": 0.0,
    "set_recall": 0.0,
    "set_F": 0.0
  },
  "ck25:2-en": {
    "set_P": 0.3333333333333333,
    "set_recall": 1.0,
    "set_F": 0.5
  },
  "ck25:3-en": {
    "set_P": 0.3333333333333333,
    "set_recall": 1.0,
    "set_F": 0.5
  },
  "ck25:4-en": {
    "set_P": 0.0,
    "set_recall": 0.0,
    "set_F": 0.0
  },
  "ck25:5-en": {
    "set_P": 0.0,
    "set_recall": 0.0,
    "set_F": 0.0
  },
  "ck25:6-en": {
    "set_P": 1.0,
    "set_recall": 1.0,
    "set_F": 1.0
  },
  "ck25:7-en": {
    "set_P": 0.0,
    "set_recall": 0.0,
    "set_F": 0.0
  },
  "ck25:8-en": {
    "set_P": 0.0,
    "set_recall": 0.0,
    "set_F": 0.0
  },
  "ck25:9-en": {
    "set_P": 0.0,
    "set_recall": 0.0,
    "set_F": 0.0
  },
  "ck25:10-en": {
    "set_P": 0.0,
    "set_recall": 0.0,
    "set_F": 0.0
  },
  "ck25:11-en": {
    "set_P": 0.3333333333333333,
    "set_recall": 1.0,
    "set_F": 0.5
  },
  "ck25:12-en": {
    "set_P": 0.35,
    "set_recall": 0.7777777777777778,
    "set_F": 0.48275862068965514
  },
  "ck25:13-en": {
    "set_P": 0.0,
    "set_recall": 0.0,
    "set_F": 0.0
  },
  "ck25:14-en": {
    "set_P": 0.3,
    "set_recall": 1.0,
    "set_F": 0.4615384615384615
  },
  "ck25:15-en": {
    "set_P": 0.0,
    "set_recall": 0.0,
    "set_F": 0.0
  },
  "ck25:16-en": {
    "set_P": 0.0,
    "set_recall": 0.0,
    "set_F": 0.0
  },
  "ck25:17-en": {
    "set_P": 0.5,
    "set_recall": 1.0,
    "set_F": 0.6666666666666666
  },
  "ck25:18-en": {
    "set_P": 0.0,
    "set_recall": 0.0,
    "set_F": 0.0
  },
  "ck25:19-en": {
    "set_P": 0.0,
    "set_recall": 0.0,
    "set_F": 0.0
  },
  "ck25:20-en": {
    "set_P": 0.0,
    "set_recall": 0.0,
    "set_F": 0.0
  },
  "ck25:21-en": {
    "set_P": 0.011235955056179775,
    "set_recall": 1.0,
    "set_F": 0.02222222222222222
  },
  "ck25:22-en": {
    "set_P": 0.0,
    "set_recall": 0.0,
    "set_F": 0.0
  },
  "ck25:23-en": {
    "set_P": 0.0,
    "set_recall": 0.0,
    "set_F": 0.0
  },
  "ck25:24-en": {
    "set_P": 0.0,
    "set_recall": 0.0,
    "set_F": 0.0
  },
  "ck25:25-en": {
    "set_P": 0.0,
    "set_recall": 0.0,
    "set_F": 0.0
  },
  "ck25:26-en": {
    "set_P": 0.0,
    "set_recall": 0.0,
    "set_F": 0.0
  },
  "ck25:27-en": {
    "set_P": 1.0,
    "set_recall": 0.2655367231638418,
    "set_F": 0.41964285714285715,
    "ndcg": 0.3891271706101399
  },
  "ck25:28-en": {
    "set_P": 0.0,
    "set_recall": 0.0,
    "set_F": 0.0
  },
  "ck25:29-en": {
    "set_P": 0.0,
    "set_recall": 0.0,
    "set_F": 0.0
  },
  "ck25:30-en": {
    "set_P": 0.0,
    "set_recall": 0.0,
    "set_F": 0.0
  },
  "ck25:31-en": {
    "set_P": 0.0,
    "set_recall": 0.0,
    "set_F": 0.0
  },
  "ck25:32-en": {
    "set_P": 0.0,
    "set_recall": 0.0,
    "set_F": 0.0
  },
  "ck25:33-en": {
    "set_P": 0.0,
    "set_recall": 0.0,
    "set_F": 0.0
  },
  "ck25:34-en": {
    "set_P": 0.494949494949495,
    "set_recall": 0.30963665086887837,
    "set_F": 0.380952380952381
  },
  "ck25:35-en": {
    "set_P": 0.0,
    "set_recall": 0.0,
    "set_F": 0.0
  },
  "ck25:36-en": {
    "set_P": 0.6666666666666666,
    "set_recall": 0.3333333333333333,
    "set_F": 0.4444444444444444
  },
  "ck25:37-en": {
    "set_P": 0.0,
    "set_recall": 0.0,
    "set_F": 0.0,
    "ndcg": 0.0
  },
  "ck25:38-en": {
    "set_P": 1.0,
    "set_recall": 0.012987012987012988,
    "set_F": 0.025641025641025647
  },
  "ck25:39-en": {
    "set_P": 0.6156716417910447,
    "set_recall": 0.2972972972972973,
    "set_F": 0.4009720534629405
  },
  "ck25:40-en": {
    "set_P": 0.055,
    "set_recall": 0.0763888888888889,
    "set_F": 0.06395348837209303
  },
  "ck25:41-en": {
    "set_P": 0.0,
    "set_recall": 0.0,
    "set_F": 0.0
  },
  "ck25:42-en": {
    "set_P": 0.05,
    "set_recall": 0.5,
    "set_F": 0.09090909090909091
  },
  "ck25:43-en": {
    "set_P": 0.0,
    "set_recall": 0.0,
    "set_F": 0.0
  },
  "ck25:44-en": {
    "set_P": 0.5238095238095238,
    "set_recall": 0.057291666666666664,
    "set_F": 0.10328638497652583
  },
  "ck25:45-en": {
    "set_P": 0.005,
    "set_recall": 1.0,
    "set_F": 0.009950248756218907
  },
  "ck25:46-en": {
    "set_P": 0.025,
    "set_recall": 0.5555555555555556,
    "set_F": 0.04784688995215311
  },
  "ck25:47-en": {
    "set_P": 0.0,
    "set_recall": 0.0,
    "set_F": 0.0
  },
  "ck25:48-en": {
    "set_P": 0.15,
    "set_recall": 1.0,
    "set_F": 0.2608695652173913
  },
  "ck25:49-en": {
    "set_P": 0.0,
    "set_recall": 0.0,
    "set_F": 0.0
  },
  "ck25:50-en": {
    "set_P": 0.16666666666666666,
    "set_recall": 0.5,
    "set_F": 0.25
  },
  "average": {
    "set_P": 0.15827999897879153,
    "set_F": 0.13263308801888254,
    "set_recall": 0.25371609813078505,
    "ndcg": 0.19456358530506995,
    "set_F_ndcg": 0.13324906470032313
  }
}