{
  "ck25:1-en": {
    "set_P": 0.0,
    "set_recall": 0.0,
    "set_F": 0.0
  },
  "ck25:2-en": {
    "set_P": 1.0,
    "set_recall": 1.0,
    "set_F": 1.0
  },
  "ck25:3-en": {
    "set_P": 0.5,
    "set_recall": 1.0,
    "set_F": 0.6666666666666666
  },
  "ck25:4-en": {
    "set_P": 1.0,
    "set_recall": 1.0,
    "set_F": 1.0
  },
  "ck25:5-en": {
    "set_P": 0.5,
    "set_recall": 1.0,
    "set_F": 0.6666666666666666
  },
  "ck25:6-en": {
    "set_P": 0.5,
    "set_recall": 1.0,
    "set_F": 0.6666666666666666
  },
  "ck25:7-en": {
    "set_P": 0.0,
    "set_recall": 0.0,
    "set_F": 0.0
  },
  "ck25:8-en": {
    "set_P": 0.5,
    "set_recall": 1.0,
    "set_F": 0.6666666666666666
  },
  "ck25:9-en": {
    "set_P": 0.0,
    "set_recall": 0.0,
    "set_F": 0.0
  },
  "ck25:10-en": {
    "set_P": 0.5,
    "set_recall": 1.0,
    "set_F": 0.6666666666666666
  },
  "ck25:11-en": {
    "set_P": 1.0,
    "set_recall": 1.0,
    "set_F": 1.0
  },
  "ck25:12-en": {
    "set_P": 0.5,
    "set_recall": 1.0,
    "set_F": 0.6666666666666666
  },
  "ck25:13-en": {
    "set_P": 0.0,
    "set_recall": 0.0,
    "set_F": 0.0
  },
  "ck25:14-en": {
    "set_P": 0.0,
    "set_recall": 0.0,
    "set_F": 0.0
  },
  "ck25:15-en": {
    "set_P": 0.2,
    "set_recall": 1.0,
    "set_F": 0.33333333333333337
  },
  "ck25:16-en": {
    "set_P": 1.0,
    "set_recall": 1.0,
    "set_F": 1.0
  },
  "ck25:17-en": {
    "set_P": 0.5,
    "set_recall": 1.0,
    "set_F": 0.6666666666666666
  },
  "ck25:18-en": {
    "set_P": 0.5,
    "set_recall": 1.0,
    "set_F": 0.6666666666666666
  },
  "ck25:19-en": {
    "set_P": 0.5,
    "set_recall": 1.0,
    "set_F": 0.6666666666666666
  },
  "ck25:20-en": {
    "set_P": 0.0,
    "set_recall": 0.0,
    "set_F": 0.0
  },
  "ck25:21-en": {
    "set_P": 0.0,
    "set_recall": 0.0,
    "set_F": 0.0
  },
  "ck25:22-en": {
    "set_P": 0.5,
    "set_recall": 1.0,
    "set_F": 0.6666666666666666
  },
  "ck25:23-en": {
    "set_P": 0.5,
    "set_recall": 1.0,
    "set_F": 0.6666666666666666
  },
  "ck25:24-en": {
    "set_P": 0.5,
    "set_recall": 1.0,
    "set_F": 0.6666666666666666
  },
  "ck25:25-en": {
    "set_P": 0.0,
    "set_recall": 0.0,
    "set_F": 0.0
  },
  "ck25:26-en": {
    "set_P": 0.0,
    "set_recall": 0.0,
    "set_F": 0.0
  },
  "ck25:27-en": {
    "set_P": 1.0,
    "set_recall": 1.0,
    "set_F": 1.0,
    "ndcg": 1.0
  },
  "ck25:28-en": {
    "set_P": 0.0,
    "set_recall": 0.0,
    "set_F": 0.0
  },
  "ck25:29-en": {
    "set_P": 0.0,
    "set_recall": 0.0,
    "set_F": 0.0
  },
  "ck25:30-en": {
    "set_P": 0.0,
    "set_recall": 0.0,
    "set_F": 0.0
  },
  "ck25:31-en": {
    "set_P": 0.2857142857142857,
    "set_recall": 0.14285714285714285,
    "set_F": 0.19047619047619047
  },
  "ck25:32-en": {
    "set_P": 0.003968253968253968,
    "set_recall": 0.0024096385542168677,
    "set_F": 0.0029985007496251873
  },
  "ck25:33-en": {
    "set_P": 0.0,
    "set_recall": 0.0,
    "set_F": 0.0
  },
  "ck25:34-en": {
    "set_P": 0.7168742921857305,
    "set_recall": 1.0,
    "set_F": 0.8350923482849605
  },
  "ck25:35-en": {
    "set_P": 0.9237240605720696,
    "set_recall": 1.0,
    "set_F": 0.9603498542274053
  },
  "ck25:36-en": {
    "set_P": 0.0,
    "set_recall": 0.0,
    "set_F": 0.0
  },
  "ck25:37-en": {
    "set_P": 1.0,
    "set_recall": 1.0,
    "set_F": 1.0,
    "ndcg": 1.0
  },
  "ck25:38-en": {
    "set_P": 0.5,
    "set_recall": 0.032467532467532464,
    "set_F": 0.06097560975609756
  },
  "ck25:39-en": {
    "set_P": 1.0,
    "set_recall": 1.0,
    "set_F": 1.0
  },
  "ck25:40-en": {
    "set_P": 0.0,
    "set_recall": 0.0,
    "set_F": 0.0
  },
  "ck25:41-en": {
    "set_P": 0.0,
    "set_recall": 0.0,
    "set_F": 0.0
  },
  "ck25:42-en": {
    "set_P": 0.0,
    "set_recall": 0.0,
    "set_F": 0.0
  },
  "ck25:43-en": {
    "set_P": 0.5,
    "set_recall": 1.0,
    "set_F": 0.6666666666666666
  },
  "ck25:44-en": {
    "set_P": 0.6774193548387096,
    "set_recall": 0.109375,
    "set_F": 0.18834080717488788
  },
  "ck25:45-en": {
    "set_P": 0.5,
    "set_recall": 1.0,
    "set_F": 0.6666666666666666
  },
  "ck25:46-en": {
    "set_P": 1.0,
    "set_recall": 1.0,
    "set_F": 1.0
  },
  "ck25:47-en": {
    "set_P": 0.0,
    "set_recall": 0.0,
    "set_F": 0.0
  },
  "ck25:48-en": {
    "set_P": 1.0,
    "set_recall": 0.3333333333333333,
    "set_F": 0.5
  },
  "ck25:49-en": {
    "set_P": 1.0,
    "set_recall": 1.0,
    "set_F": 1.0
  },
  "ck25:50-en": {
    "set_P": 0.3333333333333333,
    "set_recall": 0.5,
    "set_F": 0.4
  },
  "average": {
    "set_recall": 0.5424088529442446,
    "set_F": 0.4360979995467166,
    "set_P": 0.41282067161224767,
    "ndcg": 1.0,
    "set_F_ndcg": 0.44715490151638887
  }
}